{"cameraMode":{"drawMode":0,"name":"Shaded","section":"Shading Mode"},"sceneLighting":true,"audioPlay":false,"sceneViewState":{"m_AlwaysRefresh":false,"showFog":true,"showSkybox":true,"showFlares":true,"showImageEffects":true,"showParticleSystems":true,"showVisualEffectGraphs":true,"m_FxEnabled":true},"in2DMode":false,"pivot":{"x":0.7061251401901245,"y":5.054823875427246,"z":-3.399092674255371},"rotation":{"x":0.1697816252708435,"y":0.23722974956035615,"z":-0.04204483702778816,"w":0.9556127786636353},"size":11.812067985534668,"orthographic":false}