{"cameraMode":{"drawMode":0,"name":"Shaded","section":"Shading Mode"},"sceneLighting":false,"audioPlay":false,"sceneViewState":{"m_AlwaysRefresh":false,"showFog":true,"showSkybox":false,"showFlares":true,"showImageEffects":true,"showParticleSystems":true,"showVisualEffectGraphs":true,"m_FxEnabled":true},"in2DMode":false,"pivot":{"x":3.3747775554656984,"y":6.503137588500977,"z":1.6750383377075196},"rotation":{"x":0.14321261644363404,"y":-0.7046354413032532,"z":0.14863677322864533,"w":0.6788954138755798},"size":0.8660253882408142,"orthographic":false}